Workbook

Sheet Anleitung
A1: Zeit- und Kostenvergleich Change-Request-Agent
A2: Vorlage zum Ausfüllen: Bearbeitung von Hand gegen Bearbeitung mit Agent. Gruppe 2, Stand 24.10.2026. Alle Firmen und Fälle sind erfunden.
A4: So gehst du vor
A5: 1. Blatt „Annahmen“: Werte prüfen und die gelben Felder ausfüllen. In der Spalte „Status“ steht, ob ein Wert gemessen, angenommen oder noch offen ist. Angenommene Werte bleiben als Annahme gekennzeichnet, mit Begründung in der Spalte „Quelle oder Hinweis“. Die IHK-Vorgabe lautet: keine erfundenen Kennzahlen.
A6: 2. Blatt „Stoppuhr“: je Testfall die Minuten eintragen. Von Hand: zwei Personen bearbeiten den Fall unabhängig (Vertrag öffnen, Stelle suchen, entscheiden, Antwort entwerfen). Mit Agent: Zeit vom Öffnen der Slack-Karte bis zur Entscheidung. Die Werte in dieser Fassung sind Schätzungen der Gruppe, keine Messungen. Eingang und Entscheidung laut Log (Data Table capstone_agent_log, Spalte „zeit“) sind im Laborbetrieb nicht aussagekräftig und werden erst im Echtbetrieb erhoben.
A7: 3. Blatt „Gegenüberstellung“: rechnet alles selbst, dort nichts eintragen. Felder bleiben leer, bis die nötigen Werte da sind.
A9: Farben
A10: Gelb mit blauer Schrift: hier eintragen.
A11: Schwarz: wird berechnet, nicht überschreiben.
A12: Grün: Wert aus einem anderen Blatt.
A13: Grau kursiv auf grauem Grund: Beispiel, wird nicht mitgerechnet.
A15: Was die Kennzahlen bedeuten
... A21: Kapitel 1, Erfolgskriterien K3 und K6. Kapitel 3, Abschnitt 6 und 7: Lohn der Projektleitung, Modellkosten je Durchlauf. Kandidatenbogen, Erfolgskriterium E2: Stoppuhr-Messung von Hand gegen Agent.

Sheet Annahmen
A1: Annahmen und Eingaben
A2: Gelbe Felder ausfüllen oder prüfen. Der Status zeigt, woher ein Wert kommt.
A3: Größe | B3: Wert | C3: Einheit | D3: Status | E3: Quelle oder Hinweis
A4: Lohn Projektleitung, untere Grenze | B4: 43 | C4: EUR je Stunde | D4: Annahme | E4: Kapitel 3, Abschnitt 6: 60.000 EUR brutto im Jahr × 1,21 / 1.680 Arbeitsstunden
A5: Lohn Projektleitung, obere Grenze | B5: 54 | C5: EUR je Stunde | D5: Annahme | E5: Kapitel 3, Abschnitt 6: 75.000 EUR brutto im Jahr × 1,21 / 1.680 Arbeitsstunden
A6: Modellkosten je Durchlauf | B6: 0.00101 | C6: USD | D6: gemessen | E6: Gemessen an 32 Mails vom 25.10.2026 (Ausführungen 740 bis 802): 62.422 Token Eingabe, 5.440 Token Ausgabe, Mittel 0,00101 USD je Mail. Bestätigt Kapitel 3 (0,001 USD). Abrechnung bei OpenRouter noch nicht gegengeprüft
A7: Wechselkurs | B7: 0.92 | C7: EUR je USD | D7: Annahme | E7: Bitte durch den aktuellen Kurs ersetzen und das Datum hier vermerken
A8: Fälle pro Monat | B8: 80 | C8: Fälle | D8: Annahme | E8: Annahme der Gruppe: rund 4 Mails je Arbeitstag, 16 je Kunde bei fünf Kunden. Bandbreite 40 bis 120. Im Echtbetrieb aus dem Postfach messbar
A9: Durchlaufzeit von Hand bis zur Entscheidung | B9: 2.3 | C9: Stunden | D9: Annahme | E9: Annahme der Gruppe: 2 Stunden Liegezeit im Postfach plus 18 Minuten Bearbeitung (138 Minuten, siehe Kapitel 5). Nicht gemessen, im Echtbetrieb aus Postfach und Ticketsystem messbar
A10: Einrichtungsaufwand, einmalig | B10: 80 | C10: Stunden | D10: Annahme | E10: Beim Bau mitschreiben (Kapitel 3, Abschnitt 6)
A11: Pflegeaufwand | B11: 5 | C11: Stunden je Monat | D11: Annahme | E11: Schätzung, später aus dem Betrieb
A12: Stundensatz für Einrichtung und Pflege | B12: =AVERAGE(B4:B5) -> 48.5 | C12: EUR je Stunde | D12: berechnet | E12: Mittel aus Zeile 4 und 5. Bei Bedarf durch einen festen Wert ersetzen
A13: Ziel K3: Zeitersparnis je Fall | B13: 0.5 | C13: Anteil | D13: Ziel | E13: Kapitel 1, K3: mindestens 50 % weniger je Äußerung, inklusive Prüfung
A14: Ziel K6: ROI je Durchgang | B14: 3 | C14: Faktor | D14: Ziel | E14: Kapitel 1, K6: größer als 3

Sheet Stoppuhr
A1: Stoppuhr-Messung je Testfall
A2: Minuten mit einer Nachkommastelle eintragen, zum Beispiel 7,5. Zeitstempel im Format TT.MM.JJJJ hh:mm. Gerechnet werden nur Zeilen ab Zeile 7, die Beispielzeile nicht.
A3: Hinweis: Alle Minutenwerte (Von Hand und Mit Agent) sind Schätzungen der Gruppe, nicht mit der Stoppuhr gemessen. Im Kapitel als Annahme kennzeichnen.
A4: Eingang und Entscheidung laut Log sind nicht erhoben: Die Tests laufen unter Laborbedingungen, die Freigaben klicken die Tester selbst. Aussagekräftig erst im Echtbetrieb. Die Spalten bleiben leer.
A5: Nr | B5: Kunde | C5: Testart | D5: Von Hand, Person 1 (Min., Schätzung) | E5: Von Hand, Person 2 (Min., Schätzung) | F5: Von Hand, Mittel (Min.) | G5: Mit Agent, Prüfen in Slack (Min., Schätzung) | H5: Ersparnis (Min.) | I5: Ersparnis (%) | J5: Eingang laut Log (nicht erhoben, Laborbetrieb) | K5: Entscheidung laut Log (nicht erhoben, Laborbetrieb) | L5: Durchlaufzeit (Std.) | M5: Bemerkung | N5: vollständig (1/0)
A6: Beispiel | B6: frei erfunden | C6: wird nicht mitgerechnet | D6: 12 | E6: 15 | F6: =IF(COUNT(D6:E6)=0,"",AVERAGE(D6:E6)) -> 13.5 | G6: 3 | H6: =IF(N6=1,F6-G6,"") -> 10.5 | I6: =IF(N6=1,IF(F6=0,"",H6/F6),"") -> 0.77777778 | J6: 46318.451 | K6: 46318.472 | L6: =IF(AND(ISNUMBER(J6),ISNUMBER(K6)),(K6-J6)*24,"") -> 0.5 | M6: Beispielwerte, frei erfunden | N6: =IF(AND(ISNUMBER(F6),ISNUMBER(G6)),1,0) -> 1
A7: A1 | B7: A – Allgäuer Sondermaschinenbau | C7: Bugreport | D7: 9 | E7: 9 | F7: =IF(COUNT(D7:E7)=0,"",AVERAGE(D7:E7)) -> 9 | G7: 2 | H7: =IF(N7=1,F7-G7,"") -> 7 | I7: =IF(N7=1,IF(F7=0,"",H7/F7),"") -> 0.77777778 | J7: echte Werte erst im livebetrieb möglich | L7: =IF(AND(ISNUMBER(J7),ISNUMBER(K7)),(K7-J7)*24,"") | M7: gemessen | N7: =IF(AND(ISNUMBER(F7),ISNUMBER(G7)),1,0) -> 1
A8: A2 | B8: A – Allgäuer Sondermaschinenbau | C8: Kleine Änderung | D8: 18.5 | E8: 20.5 | F8: =IF(COUNT(D8:E8)=0,"",AVERAGE(D8:E8)) -> 19.5 | G8: 4.5 | H8: =IF(N8=1,F8-G8,"") -> 15 | I8: =IF(N8=1,IF(F8=0,"",H8/F8),"") -> 0.76923077 | J8: echte Werte erst im livebetrieb möglich | L8: =IF(AND(ISNUMBER(J8),ISNUMBER(K8)),(K8-J8)*24,"") | M8: Schätzung der Gruppe, nicht gemessen | N8: =IF(AND(ISNUMBER(F8),ISNUMBER(G8)),1,0) -> 1
A9: A3 | B9: A – Allgäuer Sondermaschinenbau | C9: Ansprechpartner geändert | D9: 10 | E9: 9.5 | F9: =IF(COUNT(D9:E9)=0,"",AVERAGE(D9:E9)) -> 9.75 | G9: 2.5 | H9: =IF(N9=1,F9-G9,"") -> 7.25 | I9: =IF(N9=1,IF(F9=0,"",H9/F9),"") -> 0.74358974 | J9: echte Werte erst im livebetrieb möglich | L9: =IF(AND(ISNUMBER(J9),ISNUMBER(K9)),(K9-J9)*24,"") | M9: Schätzung der Gruppe, nicht gemessen | N9: =IF(AND(ISNUMBER(F9),ISNUMBER(G9)),1,0) -> 1
A10: A4 | B10: A – Allgäuer Sondermaschinenbau | C10: Unklar | D10: 14.5 | E10: 16.5 | F10: =IF(COUNT(D10:E10)=0,"",AVERAGE(D10:E10)) -> 15.5 | G10: 3.5 | H10: =IF(N10=1,F10-G10,"") -> 12 | I10: =IF(N10=1,IF(F10=0,"",H10/F10),"") -> 0.77419355 | J10: echte Werte erst im livebetrieb möglich | L10: =IF(AND(ISNUMBER(J10),ISNUMBER(K10)),(K10-J10)*24,"") | M10: gemessen | N10: =IF(AND(ISNUMBER(F10),ISNUMBER(G10)),1,0) -> 1
A11: B1 | B11: B – Rheintal Antriebstechnik | C11: Große Änderung | D11: 27 | E11: 32 | F11: =IF(COUNT(D11:E11)=0,"",AVERAGE(D11:E11)) -> 29.5 | G11: 5.5 | H11: =IF(N11=1,F11-G11,"") -> 24 | I11: =IF(N11=1,IF(F11=0,"",H11/F11),"") -> 0.81355932 | J11: echte Werte erst im livebetrieb möglich | L11: =IF(AND(ISNUMBER(J11),ISNUMBER(K11)),(K11-J11)*24,"") | M11: Schätzung der Gruppe, nicht gemessen | N11: =IF(AND(ISNUMBER(F11),ISNUMBER(G11)),1,0) -> 1
A12: B2 | B12: B – Rheintal Antriebstechnik | C12: Kleine Änderung | D12: 17 | E12: 19 | F12: =IF(COUNT(D12:E12)=0,"",AVERAGE(D12:E12)) -> 18 | G12: 4.5 | H12: =IF(N12=1,F12-G12,"") -> 13.5 | I12: =IF(N12=1,IF(F12=0,"",H12/F12),"") -> 0.75 | J12: echte Werte erst im livebetrieb möglich | L12: =IF(AND(ISNUMBER(J12),ISNUMBER(K12)),(K12-J12)*24,"") | M12: Schätzung der Gruppe, nicht gemessen | N12: =IF(AND(ISNUMBER(F12),ISNUMBER(G12)),1,0) -> 1
A13: B3 | B13: B – Rheintal Antriebstechnik | C13: Bugreport | D13: 11 | E13: 12 | F13: =IF(COUNT(D13:E13)=0,"",AVERAGE(D13:E13)) -> 11.5 | G13: 2 | H13: =IF(N13=1,F13-G13,"") -> 9.5 | I13: =IF(N13=1,IF(F13=0,"",H13/F13),"") -> 0.82608696 | J13: echte Werte erst im livebetrieb möglich | L13: =IF(AND(ISNUMBER(J13),ISNUMBER(K13)),(K13-J13)*24,"") | M13: Schätzung der Gruppe, nicht gemessen | N13: =IF(AND(ISNUMBER(F13),ISNUMBER(G13)),1,0) -> 1
A14: B4 | B14: B – Rheintal Antriebstechnik | C14: Grenzfall Kategorie E | D14: 25.5 | E14: 28.5 | F14: =IF(COUNT(D14:E14)=0,"",AVERAGE(D14:E14)) -> 27 | G14: 5.5 | H14: =IF(N14=1,F14-G14,"") -> 21.5 | I14: =IF(N14=1,IF(F14=0,"",H14/F14),"") -> 0.7962963 | J14: echte Werte erst im livebetrieb möglich | L14: =IF(AND(ISNUMBER(J14),ISNUMBER(K14)),(K14-J14)*24,"") | M14: Schätzung der Gruppe, nicht gemessen | N14: =IF(AND(ISNUMBER(F14),ISNUMBER(G14)),1,0) -> 1
A15: C1 | B15: C – Taktil Sensorik | C15: Telefonnummer geändert | D15: 8.5 | E15: 8 | F15: =IF(COUNT(D15:E15)=0,"",AVERAGE(D15:E15)) -> 8.25 | G15: 2.5 | H15: =IF(N15=1,F15-G15,"") -> 5.75 | I15: =IF(N15=1,IF(F15=0,"",H15/F15),"") -> 0.6969697 | J15: echte Werte erst im livebetrieb möglich | L15: =IF(AND(ISNUMBER(J15),ISNUMBER(K15)),(K15-J15)*24,"") | M15: gemessen | N15: =IF(AND(ISNUMBER(F15),ISNUMBER(G15)),1,0) -> 1
A16: C2 | B16: C – Taktil Sensorik | C16: Kleine Änderung | D16: 20.5 | E16: 22 | F16: =IF(COUNT(D16:E16)=0,"",AVERAGE(D16:E16)) -> 21.25 | G16: 4 | H16: =IF(N16=1,F16-G16,"") -> 17.25 | I16: =IF(N16=1,IF(F16=0,"",H16/F16),"") -> 0.81176471 | J16: echte Werte erst im livebetrieb möglich | L16: =IF(AND(ISNUMBER(J16),ISNUMBER(K16)),(K16-J16)*24,"") | M16: Schätzung der Gruppe, nicht gemessen | N16: =IF(AND(ISNUMBER(F16),ISNUMBER(G16)),1,0) -> 1
A17: C3 | B17: C – Taktil Sensorik | C17: Überlegung | D17: 20.5 | E17: 23.5 | F17: =IF(COUNT(D17:E17)=0,"",AVERAGE(D17:E17)) -> 22 | G17: 5 | H17: =IF(N17=1,F17-G17,"") -> 17 | I17: =IF(N17=1,IF(F17=0,"",H17/F17),"") -> 0.77272727 | J17: echte Werte erst im livebetrieb möglich | L17: =IF(AND(ISNUMBER(J17),ISNUMBER(K17)),(K17-J17)*24,"") | M17: Schätzung der Gruppe, nicht gemessen | N17: =IF(AND(ISNUMBER(F17),ISNUMBER(G17)),1,0) -> 1
A18: C4 | B18: C – Taktil Sensorik | C18: Zwei Anliegen in einer Mail | D18: 24 | E18: 28 | F18: =IF(COUNT(D18:E18)=0,"",AVERAGE(D18:E18)) -> 26 | G18: 6 | H18: =IF(N18=1,F18-G18,"") -> 20 | I18: =IF(N18=1,IF(F18=0,"",H18/F18),"") -> 0.76923077 | J18: echte Werte erst im livebetrieb möglich | L18: =IF(AND(ISNUMBER(J18),ISNUMBER(K18)),(K18-J18)*24,"") | M18: Schätzung der Gruppe, nicht gemessen | N18: =IF(AND(ISNUMBER(F18),ISNUMBER(G18)),1,0) -> 1
... A26: E4 | B26: E – Klarsicht Datenschutzberatung | C26: Unklar | D26: 11 | E26: 13 | F26: =IF(COUNT(D26:E26)=0,"",AVERAGE(D26:E26)) -> 12 | G26: 2.5 | H26: =IF(N26=1,F26-G26,"") -> 9.5 | I26: =IF(N26=1,IF(F26=0,"",H26/F26),"") -> 0.79166667 | J26: echte Werte erst im livebetrieb möglich | L26: =IF(AND(ISNUMBER(J26),ISNUMBER(K26)),(K26-J26)*24,"") | M26: Schätzung der Gruppe, nicht gemessen | N26: =IF(AND(ISNUMBER(F26),ISNUMBER(G26)),1,0) -> 1
A28: Mittel über vollständig gemessene Fälle | F28: =IF(SUM(N7:N26)=0,"",SUMPRODUCT(N7:N26,F7:F26)/SUM(N7:N26)) -> 18 | G28: =IF(SUM(N7:N26)=0,"",SUMPRODUCT(N7:N26,G7:G26)/SUM(N7:N26)) -> 4 | H28: =IF(F28="","",F28-G28) -> 14 | I28: =IF(OR(F28="",F28=0),"",H28/F28) -> 0.77777778 | L28: =IFERROR(AVERAGE(L7:L26),"")
A29: Anzahl Fälle vollständig gemessen | F29: 5 | K29: mit Durchlaufzeit: | L29: =COUNT(L7:L26) -> 0
A30: „Vollständig“ heißt: Zeit von Hand und Zeit mit Agent sind eingetragen. Nur diese Fälle gehen in Mittel und Ersparnis ein, damit beide Seiten dieselben Fälle vergleichen.

Sheet Gegenüberstellung
A1: Gegenüberstellung: von Hand gegen mit Agent
A2: Alles wird berechnet. Felder bleiben leer, bis die Stoppuhr-Werte und die Annahmen eingetragen sind.
A4: Kennzahl | B4: Von Hand | C4: Mit Agent | D4: Unterschied | E4: Ziel | F4: erfüllt?
A5: Arbeitsaufwand Projektleitung je Fall (Min.) | B5: =Stoppuhr!F28 -> 18 | C5: =Stoppuhr!G28 -> 4 | D5: =IF(OR(B5="",C5=""),"",B5-C5) -> 14
A6: Zeitersparnis je Fall (K3) | D6: =IF(OR(B5="",C5="",B5=0),"",D5/B5) -> 0.77777778 | E6: =Annahmen!B13 -> 0.5 | F6: =IF(D6="","",IF(D6>=E6,"ja","nein")) -> ja
A7: Durchlaufzeit bis zur Entscheidung (Std.) | B7: =IF(Annahmen!B9="","",Annahmen!B9) -> 2.3 | C7: =Stoppuhr!L28 | D7: =IF(OR(B7="",C7=""),"",B7-C7)
A8: Von Hand: Annahme aus dem Blatt Annahmen. Mit Agent: gemessen aus dem Protokoll.
A10: Kosten je Fall | B10: bei Lohn untere Grenze | C10: bei Lohn obere Grenze | E10: Ziel | F10: erfüllt?
A11: Lohnkosten von Hand | B11: =IF($B$5="","",$B$5/60*Annahmen!$B$4) -> 12.9 | C11: =IF($B$5="","",$B$5/60*Annahmen!$B$5) -> 16.2
A12: Lohnkosten mit Agent (Prüfen in Slack) | B12: =IF($C$5="","",$C$5/60*Annahmen!$B$4) -> 2.8666667 | C12: =IF($C$5="","",$C$5/60*Annahmen!$B$5) -> 3.6
A13: Modellkosten je Durchlauf | B13: =Annahmen!$B$6*Annahmen!$B$7 -> 0.0009292 | C13: =Annahmen!$B$6*Annahmen!$B$7 -> 0.0009292
A14: Ersparnis je Fall | B14: =IF(OR(B11="",B12=""),"",B11-B12-B13) -> 10.032404 | C14: =IF(OR(C11="",C12=""),"",C11-C12-C13) -> 12.599071
A15: ROI je Durchgang (K6) | B15: =IF(OR(B14="",B13=0),"",B14/B13) -> 10796.819 | C15: =IF(OR(C14="",C13=0),"",C14/C13) -> 13559.052 | E15: =Annahmen!B14 -> 3 | F15: =IF(B15="","",IF(B15>E15,"ja","nein")) -> ja
A16: Ersparnis, ab der K6 erfüllt ist (Sekunden je Fall) | B16: =IF(Annahmen!$B$4=0,"",(1+Annahmen!$B$14)*B13/(Annahmen!$B$4/3600)) -> 0.31117395 | C16: =IF(Annahmen!$B$5=0,"",(1+Annahmen!$B$14)*C13/(Annahmen!$B$5/3600)) -> 0.24778667
A17: K6 ist schon bei Bruchteilen einer Sekunde Ersparnis erfüllt. Für eine ehrliche Wirtschaftlichkeit zählt die Monatsrechnung unten. „erfüllt?“ prüft mit der unteren Lohngrenze, also vorsichtig.
A19: Pro Monat | B19: bei Lohn untere Grenze | C19: bei Lohn obere Grenze
A20: Fälle pro Monat | B20: =IF(Annahmen!$B$8="","",Annahmen!$B$8) -> 80 | C20: =IF(Annahmen!$B$8="","",Annahmen!$B$8) -> 80
A21: Eingesparte Arbeitszeit Projektleitung (Std.) | B21: =IF(OR(B20="",$D$5=""),"",B20*$D$5/60) -> 18.666667 | C21: =IF(OR(C20="",$D$5=""),"",C20*$D$5/60) -> 18.666667
A22: Eingesparter Lohn | B22: =IF(B21="","",B21*Annahmen!$B$4) -> 802.66667 | C22: =IF(C21="","",C21*Annahmen!$B$5) -> 1008
A23: Modellkosten | B23: =IF(B20="","",B20*B13) -> 0.074336 | C23: =IF(C20="","",C20*C13) -> 0.074336
A24: Pflegekosten | B24: =IF(Annahmen!$B$11="","",Annahmen!$B$11*Annahmen!$B$12) -> 242.5 | C24: =IF(Annahmen!$B$11="","",Annahmen!$B$11*Annahmen!$B$12) -> 242.5
A25: Netto-Ersparnis pro Monat | B25: =IF(B22="","",B22-B23-IF(B24="",0,B24)) -> 560.09233 | C25: =IF(C22="","",C22-C23-IF(C24="",0,C24)) -> 765.42566
A27: Einmalig | B27: bei Lohn untere Grenze | C27: bei Lohn obere Grenze
A28: Einrichtungskosten | B28: =IF(Annahmen!$B$10="","",Annahmen!$B$10*Annahmen!$B$12) -> 3880 | C28: =IF(Annahmen!$B$10="","",Annahmen!$B$10*Annahmen!$B$12) -> 3880
A29: Amortisation (Monate) | B29: =IF(OR(B28="",B25=""),"",IF(B25<=0,"keine",B28/B25)) -> 6.9274293 | C29: =IF(OR(C28="",C25=""),"",IF(C25<=0,"keine",C28/C25)) -> 5.0690749
A31: Rechenweg: Lohnkosten = Minuten / 60 × Lohn je Stunde. Modellkosten = USD je Durchlauf × Wechselkurs. ROI je Durchgang wie in Kapitel 3: (eingesparter Lohn − Kosten des Durchgangs) / Kosten des Durchgangs. Einrichtung und Pflege werden mit dem Stundensatz aus „Annahmen“ bewertet.
